Crop,Year,Production,Area,Yield,Previous_Production,Previous_Area,Previous_Yield
Total Foodgrains,2007-08,168.6,128.8,130.9,158.8,128.5,123.6
Total Foodgrains,2008-09,171.3,127.6,134.3,168.6,128.8,130.9
Total Foodgrains,2009-10,159.4,126.0,126.5,171.3,127.6,134.3
Total Foodgrains,2010-11,178.9,131.7,135.9,159.4,126.0,126.5
Rice,2007-08,207.9,168.9,123.1,200.8,168.5,119.2
Rice,2008-09,213.3,175.1,121.8,207.9,168.9,123.1
Rice,2009-10,191.6,161.2,118.9,213.3,175.1,121.8
Rice,2010-11,206.4,164.8,125.2,191.6,161.2,118.9
Wheat,2007-08,136.4,115.2,118.4,131.6,115.0,114.4
Wheat,2008-09,140.1,114.0,122.8,136.4,115.2,118.4
Wheat,2009-10,140.3,116.9,120.0,140.1,114.0,122.8
Wheat,2010-11,150.8,119.5,126.3,140.3,116.9,120.0
Jowar,2007-08,137.8,110.6,124.6,124.3,120.7,103.0
Jowar,2008-09,126.0,107.3,117.4,137.8,110.6,124.6
Jowar,2009-10,116.5,111.0,105.0,126.0,107.3,117.4
Jowar,2010-11,121.8,105.2,115.8,116.5,111.0,105.0
Bajra,2007-08,161.5,95.1,169.7,136.4,94.5,144.3
Bajra,2008-09,143.9,87.0,165.4,161.5,95.1,169.7
Bajra,2009-10,105.4,88.5,119.0,143.9,87.0,165.4
Bajra,2010-11,167.9,95.6,175.8,105.4,88.5,119.0
Maize,2007-08,249.6,160.5,155.5,198.8,156.1,127.3
Maize,2008-09,259.8,161.6,160.7,249.6,160.5,155.5
Maize,2009-10,220.1,163.4,134.7,259.8,161.6,160.7
Maize,2010-11,286.0,169.1,169.1,220.1,163.4,134.7
Ragi,2007-08,83.6,70.9,117.9,56.1,60.2,93.2
Ragi,2008-09,79.3,70.6,112.2,83.6,70.9,117.9
Ragi,2009-10,73.4,64.8,113.2,79.3,70.6,112.2
Ragi,2010-11,85.2,65.8,129.6,73.4,64.8,113.2
Small millets,2007-08,61.9,52.3,118.3,53.9,50.9,106.0
Small millets,2008-09,50.0,45.6,109.7,61.9,52.3,118.3
Small millets,2009-10,42.9,41.8,102.7,50.0,45.6,109.7
Small millets,2010-11,82.0,45.0,182.4,42.9,41.8,102.7
Barley,2007-08,79.3,67.9,116.9,88.1,72.8,121.0
Barley,2008-09,112.0,79.5,141.0,79.3,67.9,116.9
Barley,2009-10,89.9,70.2,127.9,112.0,79.5,141.0
Barley,2010-11,110.3,79.4,138.9,89.9,70.2,127.9
Coarse Cereals,2007-08,166.4,105.6,157.6,138.5,106.4,130.1
Coarse Cereals,2008-09,163.5,101.8,160.7,166.4,105.6,157.6
Coarse Cereals,2009-10,137.0,102.6,133.5,163.5,101.8,160.7
Coarse Cereals,2010-11,178.4,105.4,169.2,137.0,102.6,133.5
Cereals,2007-08,174.6,129.9,134.4,164.1,130.0,126.3
Cereals,2008-09,177.7,130.3,136.4,174.6,129.9,134.4
Cereals,2009-10,164.4,126.8,129.7,177.7,130.3,136.4
Cereals,2010-11,183.1,129.8,141.1,164.4,126.8,129.7
Gram,2007-08,127.6,123.1,103.7,140.6,122.3,115.0
Gram,2008-09,156.5,128.8,121.7,127.6,123.1,103.7
Gram,2009-10,165.9,133.3,124.5,156.5,128.8,121.7
Gram,2010-11,182.5,149.9,121.7,165.9,133.3,124.5
Arhar,2007-08,128.9,104.3,123.6,97.0,99.7,97.3
Arhar,2008-09,94.9,94.5,100.4,128.9,104.3,123.6
Arhar,2009-10,103.3,97.0,106.5,94.9,94.5,100.4
Arhar,2010-11,119.9,122.2,98.1,103.3,97.0,106.5
Other Pulses,2007-08,148.9,133.8,111.3,139.1,131.3,105.9
Other Pulses,2008-09,131.4,117.1,112.2,148.9,133.8,111.3
Other Pulses,2009-10,118.4,126.1,93.9,131.4,117.1,112.2
Other Pulses,2010-11,179.5,139.1,129.0,118.4,126.1,93.9
Total Pulses,2007-08,135.4,124.4,108.8,130.3,122.1,106.7
Total Pulses,2008-09,133.7,116.3,114.9,135.4,124.4,108.8
Total Pulses,2009-10,134.5,122.6,109.7,133.7,116.3,114.9
Total Pulses,2010-11,167.4,139.0,120.4,134.5,122.6,109.7
Total Non-Food grains ,2007-08,156.8,128.6,122.0,155.4,126.6,122.8
Total Non-Food grains ,2008-09,141.2,131.5,107.4,156.8,128.6,122.0
Total Non-Food grains ,2009-10,143.2,126.7,113.1,141.2,131.5,107.4
Total Non-Food grains ,2010-11,168.4,136.5,123.4,143.2,126.7,113.1
Total Oilseeds,2007-08,150.9,126.2,119.6,148.2,124.8,118.7
Total Oilseeds,2008-09,140.8,129.0,109.1,150.9,126.2,119.6
Total Oilseeds,2009-10,135.9,126.1,107.8,140.8,129.0,109.1
Total Oilseeds,2010-11,169.0,134.0,126.1,135.9,126.1,107.8
Groundnut,2007-08,217.5,139.1,156.3,115.2,124.1,92.8
Groundnut,2008-09,169.8,136.3,124.6,217.5,139.1,156.3
Groundnut,2009-10,128.6,121.1,106.2,169.8,136.3,124.6
Groundnut,2010-11,195.7,129.5,151.2,128.6,121.1,106.2
Sesamum,2007-08,116.8,78.4,149.1,95.5,74.2,128.7
Sesamum,2008-09,98.8,78.8,125.4,116.8,78.4,149.1
Sesamum,2009-10,90.8,84.6,107.4,98.8,78.8,125.4
Sesamum,2010-11,137.9,90.7,151.9,90.8,84.6,107.4
Rapeseed &Mustard,2007-08,108.8,91.8,118.5,138.7,107.0,129.6
Rapeseed &Mustard,2008-09,134.3,99.3,135.2,108.8,91.8,118.5
Rapeseed &Mustard,2009-10,123.2,88.1,139.9,134.3,99.3,135.2
Rapeseed &Mustard,2010-11,152.5,108.8,140.2,123.2,88.1,139.9
Linseed,2007-08,54.4,51.3,106.1,55.9,47.9,116.8
Linseed,2008-09,56.4,44.8,126.0,54.4,51.3,106.1
Linseed,2009-10,51.2,37.5,136.5,56.4,44.8,126.0
Linseed,2010-11,48.8,39.4,123.9,51.2,37.5,136.5
Castor seed,2007-08,172.3,114.8,150.1,124.7,91.7,136.0
Castor seed,2008-09,191.6,126.4,151.5,172.3,114.8,150.1
Castor seed,2009-10,165.0,107.2,153.9,191.6,126.4,151.5
Castor seed,2010-11,220.9,128.5,171.9,165.0,107.2,153.9
Safflower,2007-08,62.8,47.4,132.6,67.3,55.8,120.6
Safflower,2008-09,53.0,43.6,121.5,62.8,47.4,132.6
Safflower,2009-10,50.1,42.6,117.5,53.0,43.6,121.5
Safflower,2010-11,42.1,36.1,116.7,50.1,42.6,117.5
Niger seed,2007-08,59.0,65.8,89.6,65.1,75.7,86.0
Niger seed,2008-09,63.0,63.5,99.2,59.0,65.8,89.6
Niger seed,2009-10,53.8,60.6,88.8,63.0,63.5,99.2
Niger seed,2010-11,58.0,59.9,96.9,53.8,60.6,88.8
Sunflower,2007-08,192.3,154.5,124.5,161.3,175.0,92.2
Sunflower,2008-09,152.2,146.5,103.9,192.3,154.5,124.5
Sunflower,2009-10,111.8,119.3,93.7,152.2,146.5,103.9
Sunflower,2010-11,85.6,75.1,114.0,111.8,119.3,93.7
Soyabean,2007-08,313.8,237.5,132.1,253.2,222.7,113.7
Soyabean,2008-09,283.4,254.5,111.4,313.8,237.5,132.1
Soyabean,2009-10,285.1,260.3,109.5,283.4,254.5,111.4
Soyabean,2010-11,364.4,256.8,141.9,285.1,260.3,109.5
Nine Oilseeds,2007-08,180.2,126.9,142.0,147.1,126.1,116.7
Nine Oilseeds,2008-09,167.9,131.0,128.1,180.2,126.9,142.0
Nine Oilseeds,2009-10,150.7,123.4,122.1,167.9,131.0,128.1
Nine Oilseeds,2010-11,196.7,129.4,152.0,150.7,123.4,122.1
Coconut,2007-08,91.4,121.4,75.3,142.7,123.5,115.5
Coconut,2008-09,91.4,121.4,75.3,91.4,121.4,75.3
Coconut,2009-10,97.5,120.9,80.7,91.4,121.4,75.3
Coconut,2010-11,97.7,120.9,80.8,97.5,120.9,80.7
Cotton seed,2007-08,212.8,125.3,169.9,186.1,121.7,152.9
Cotton seed,2008-09,183.2,125.2,146.3,212.8,125.3,169.9
Cotton seed,2009-10,197.5,134.8,146.5,183.2,125.2,146.3
Cotton seed,2010-11,271.3,149.5,181.5,197.5,134.8,146.5
Total Fibers,2007-08,203.5,121.7,167.2,186.1,118.3,157.3
Total Fibers,2008-09,179.1,120.9,148.2,203.5,121.7,167.2
Total Fibers,2009-10,196.6,129.4,152.0,179.1,120.9,148.2
Total Fibers,2010-11,239.3,141.9,168.6,196.6,129.4,152.0
Cotton(lint),2007-08,243.8,125.3,194.6,213.1,121.7,175.2
Cotton(lint),2008-09,209.8,125.2,167.6,243.8,125.3,194.6
Cotton(lint),2009-10,226.2,134.8,167.8,209.8,125.2,167.6
Cotton(lint),2010-11,310.8,149.5,207.9,226.2,134.8,167.8
Jute,2007-08,218.3,106.4,205.2,220.3,103.6,212.7
Jute,2008-09,205.8,102.6,200.5,218.3,106.4,205.2
Jute,2009-10,239.8,106.0,226.3,205.8,102.6,200.5
Jute,2010-11,213.8,101.1,211.5,239.8,106.0,226.3
Mesta,2007-08,84.6,69.1,122.5,81.7,67.2,121.6
Mesta,2008-09,62.4,54.5,114.6,84.6,69.1,122.5
Mesta,2009-10,50.1,44.5,112.7,62.4,54.5,114.6
Mesta,2010-11,52.2,46.6,112.0,50.1,44.5,112.7
Jute & Mesta,2007-08,199.6,98.3,203.0,200.7,95.7,209.7
Jute & Mesta,2008-09,184.5,92.2,200.1,199.6,98.3,203.0
Jute & Mesta,2009-10,210.4,92.7,227.0,184.5,92.2,200.1
Jute & Mesta,2010-11,189.1,89.3,211.8,210.4,92.7,227.0
Sannhamp ,2007-08,93.0,51.4,182.7,97.9,54.2,180.7
Sannhamp ,2008-09,87.8,45.0,195.2,93.0,51.4,182.7
Sannhamp ,2009-10,69.0,45.0,179.4,87.8,45.0,195.2
Sannhamp ,2010-11,109.9,47.6,230.9,69.0,45.0,179.4
Tea ,2007-08,132.8,137.8,96.3,132.2,135.3,97.7
Tea ,2008-09,132.0,137.8,95.8,132.8,137.8,96.3
Tea ,2009-10,132.0,137.8,95.8,132.0,137.8,95.8
Tea ,2010-11,132.0,137.8,95.8,132.0,137.8,95.8
Coffee ,2007-08,139.8,119.8,116.7,138.0,117.9,117.0
Coffee ,2008-09,139.9,121.9,114.8,139.8,119.8,116.7
Coffee ,2009-10,154.5,123.7,125.0,139.9,121.9,114.8
Coffee ,2010-11,161.1,125.4,128.5,154.5,123.7,125.0
Rubber ,2007-08,208.6,138.1,151.1,215.5,98.6,218.5
Rubber ,2008-09,216.5,143.8,151.9,208.6,138.1,151.1
Rubber ,2009-10,210.1,149.2,140.9,216.5,143.8,151.9
Rubber ,2010-11,210.1,149.2,140.9,210.1,149.2,140.9
Total Spices,2007-08,1571.5,125.9,1247.7,1427.7,121.3,1176.6
Total Spices,2008-09,1463.0,126.5,1156.8,1571.5,125.9,1247.7
Total Spices,2009-10,1430.3,122.0,1172.1,1463.0,126.5,1156.8
Total Spices,2010-11,1790.6,136.6,1310.8,1430.3,122.0,1172.1
Black pepper,2007-08,91.5,104.7,87.4,134.2,130.8,102.6
Black pepper,2008-09,92.2,126.9,72.7,91.5,104.7,87.4
Black pepper,2009-10,99.2,104.2,95.2,92.2,126.9,72.7
Black pepper,2010-11,101.1,97.8,103.4,99.2,104.2,95.2
Dry chilies ,2007-08,170.8,88.3,193.4,163.5,83.6,195.5
Dry chilies ,2008-09,167.1,85.4,195.8,170.8,88.3,193.4
Dry chilies ,2009-10,158.3,84.0,188.4,167.1,85.4,195.8
Dry chilies ,2010-11,160.9,86.8,185.5,158.3,84.0,188.4
Dry ginger ,2007-08,200.6,172.9,116.0,206.3,176.2,117.1
Dry ginger ,2008-09,199.3,180.4,110.5,200.6,172.9,116.0
Dry ginger ,2009-10,202.0,179.4,112.6,199.3,180.4,110.5
Dry ginger ,2010-11,368.1,247.4,148.8,202.0,179.4,112.6
Turmeric ,2007-08,160.1,131.9,121.4,158.6,134.3,118.1
Turmeric ,2008-09,165.5,136.2,121.5,160.1,131.9,121.4
Turmeric ,2009-10,159.8,136.2,117.4,165.5,136.2,121.5
Turmeric ,2010-11,200.2,146.7,136.4,159.8,136.2,117.4
Arecanut  ,2007-08,184.3,169.5,108.7,182.5,167.7,108.8
Arecanut  ,2008-09,185.5,169.7,109.3,184.3,169.5,108.7
Arecanut  ,2009-10,184.3,175.4,105.1,185.5,169.7,109.3
Arecanut  ,2010-11,184.3,175.4,105.1,184.3,175.4,105.1
Cardamom ,2007-08,135.8,77.8,174.7,159.2,93.4,170.5
Cardamom ,2008-09,157.1,87.5,179.6,135.8,77.8,174.7
Cardamom ,2009-10,159.2,85.8,185.6,157.1,87.5,179.6
Cardamom ,2010-11,162.2,82.7,196.1,159.2,85.8,185.6
Coriander,2007-08,167.9,94.8,177.2,126.4,79.1,159.8
Coriander,2008-09,131.3,97.9,134.1,167.9,94.8,177.2
Coriander,2009-10,128.5,88.8,144.7,131.3,97.9,134.1
Coriander,2010-11,261.3,130.7,199.9,128.5,88.8,144.7
Garlic  ,2007-08,311.3,241.6,128.8,226.2,187.6,120.6
Garlic  ,2008-09,242.1,195.8,123.6,311.3,241.6,128.8
Garlic  ,2009-10,243.0,194.4,125.0,242.1,195.8,123.6
Garlic  ,2010-11,308.2,236.8,130.1,243.0,194.4,125.0
Total Fruits & Vegetables,2007-08,184.9,145.0,127.5,162.6,139.3,116.7
Total Fruits & Vegetables,2008-09,241.9,173.8,139.2,184.9,145.0,127.5
Total Fruits & Vegetables,2009-10,240.3,170.9,140.6,241.9,173.8,139.2
Total Fruits & Vegetables,2010-11,274.5,188.3,145.7,240.3,170.9,140.6
Potato,2007-08,174.2,148.8,117.1,135.7,142.2,95.5
Potato,2008-09,210.5,175.1,120.2,174.2,148.8,117.1
Potato,2009-10,223.8,175.8,127.4,210.5,175.1,120.2
Potato,2010-11,259.1,178.4,145.2,223.8,175.8,127.4
Tapioca,2007-08,151.5,103.9,145.7,146.4,105.1,139.2
Tapioca,2008-09,167.1,114.8,145.6,151.5,103.9,145.7
Tapioca,2009-10,140.0,95.1,147.1,167.1,114.8,145.6
Tapioca,2010-11,140.3,90.6,154.8,140.0,95.1,147.1
Sweet potato  ,2007-08,79.3,75.4,105.2,81.1,75.8,106.9
Sweet potato  ,2008-09,94.2,88.4,106.6,79.3,75.4,105.2
Sweet potato  ,2009-10,92.1,84.6,108.8,94.2,88.4,106.6
Sweet potato  ,2010-11,88.1,80.4,109.6,92.1,84.6,108.8
Onion,2007-08,247.3,208.4,118.7,240.5,207.7,115.8
Onion,2008-09,367.1,246.8,148.8,247.3,208.4,118.7
Onion,2009-10,329.1,223.6,147.1,367.1,246.8,148.8
Onion,2010-11,409.1,314.7,130.0,329.1,223.6,147.1
Banana  ,2007-08,201.1,131.2,153.3,189.3,117.6,161.0
Banana  ,2008-09,298.8,174.8,171.0,201.1,131.2,153.3
Banana  ,2009-10,301.7,189.8,159.0,298.8,174.8,171.0
Banana  ,2010-11,339.4,204.6,165.9,301.7,189.8,159.0
Sugarcane,2007-08,146.7,140.0,104.8,149.8,142.6,105.1
Sugarcane,2008-09,120.1,122.2,98.3,146.7,140.0,104.8
Sugarcane,2009-10,123.2,115.6,106.6,120.1,122.2,98.3
Sugarcane,2010-11,144.3,135.2,106.7,123.2,115.6,106.6
Tobacco,2007-08,83.6,83.9,88.3,88.1,88.8,99.1
Tobacco,2008-09,96.4,94.2,102.4,83.6,83.9,88.3
Tobacco,2009-10,105.3,107.1,109.6,96.4,94.2,102.4
Tobacco,2010-11,140.9,118.8,118.6,105.3,107.1,109.6
